{
  "name": "think-habit-group-widget",
  "version": "1.0.0",
  "description": "Think-Habit 그룹 활동 위젯",
  "main": "dist/index.js",
  "module": "dist/index.esm.js",
  "types": "dist/index.d.ts",
  "scripts": {
    "dev": "vite",
    "build": "tsc && vite build",
    "preview": "vite preview",
    "type-check": "tsc --noEmit"
  },
  "dependencies": {
    "react": "^18.2.0",
    "react-dom": "^18.2.0"
  },
  "devDependencies": {
    "@types/react": "^18.2.43",
    "@types/react-dom": "^18.2.17",
    "@vitejs/plugin-react": "^4.2.1",
    "typescript": "^5.2.2",
    "vite": "^5.0.8",
    "vite-plugin-dts": "^3.6.4"
  },
  "peerDependencies": {
    "react": ">=16.8.0",
    "react-dom": ">=16.8.0"
  }
}
